분야 및 연도,1990,1991,1992,1993,1994,1995,1996,1997,1998,1999,2000,2001,2002,2003,2004,2005,2006,2007,2008,2009,2010,2011,2012,2013,2014,2015,2016,2017,2018,2019,2020,2021,2022
CO2 총배출량(kt CO2-eq),256216.0082,286190.9877,310353.5165,347747.4906,372197.7143,401672.0912,437066.4251,457947.2808,395004.0749,430541.9621,462622.8978,482256.2347,500515.3671,512504.2544,521860.6475,521261.4242,533407.9104,546650.8555,561050.6401,564255.153,618047.3769,652029.5269,648655.6184,654661.8371,647520.0963,651088.8338,661823.1395,679647.0103,701069.2609,675177.4041,626722.3281,652481.1457,635818.4417
순배출량,216831.3584,250790.4034,275791.863,314771.7875,336861.9854,368091.7904,400046.0734,415925.8371,344595.4666,371940.9295,401764.1526,421161.4524,441740.7603,454045.3352,462049.0607,463416.5856,474365.2803,486896.257,500351.622,503782.755,560297.9372,595086.8365,597715.8897,608019.5848,599988.9924,602888.5488,613195.7693,636389.9814,659105.1095,636086.5304,587440.1986,613063.489,597381.197
에너지,219131.0944,242917.0213,260584.4279,291228.5991,312113.6588,337646.3385,371494.1661,388838.9242,331253.1713,363860.1028,393013.9235,405779.5483,423345.6516,433207.2121,442682.4554,439273.027,449840.1309,468376.1077,481693.4454,490230.3068,541305.619,571125.7766,565908.2676,560920.0632,552240.7011,554205.3177,566243.0397,578285.0249,602859.9484,577608.6959,536145.0865,558205.2363,543378.8654
A 연료연소,218944.115,242753.453,260454.3585,291125.904,312032.6828,337583.9437,371440.0269,388789.4526,331205.3189,363813.9119,392968.1228,405737.3089,423308.7644,433170.4939,442637.8869,439216.7037,449786.7723,468327.2433,481651.0993,490178.4234,541256.1636,571080.6103,565863.7329,560877.2553,552205.3495,554176.0964,566215.703,578251.5559,602831.1163,577583.4135,536124.0381,558191.3676,543368.2387
A 연료연소_1 에너지산업,41885.6716,49781.26154,58854.01038,66746.03101,81046.88666,91650.47054,115179.6937,124533.5496,111984.2689,121984.1003,135819.6984,146598.0156,155303.2741,159257.1181,171855.0105,176753.1448,186465.4512,198786.7199,211668.5404,229789.4148,253692.744,264016.8555,268491.4316,275114.7725,262954.5395,261272.548,262841.0158,273747.5635,298516.834,278064.7982,247019.4747,258742.7729,256216.8353
A 연료연소_a 공공 전기 및 열 생산,37044.7609,43623.51266,51109.71808,57876.59297,71469.05493,79276.26625,96299.14604,104197.7306,92143.632,101496.9199,120324.8325,131435.2945,141053.9717,145126.1704,156779.2761,161773.0716,171559.1947,183816.943,195425.0294,214045.0215,239037.8174,247819.5832,252218.8084,259272.7706,243704.2912,243465.6574,243797.931,255315.4442,277427.7407,256616.9985,227215.1072,239039.8551,236415.8667
A 연료연소_b 석유정제,4183.18233,4965.93926,6081.84155,6770.02314,7027.56189,9271.64823,10501.9116,13134.08852,13371.07191,13845.90429,13676.07617,13801.88486,13785.72487,13347.32781,13331.83273,13858.89699,13965.52164,14204.71722,15575.43434,15149.35907,13979.78778,15317.36012,15160.24754,14751.99357,18494.48945,17139.27542,18380.12676,17249.13534,20265.21782,20556.68425,19134.39741,18730.25888,18404.97123
A 연료연소_c 고체연료 제조 및 기타 에너지 산업,657.72837,1191.80961,1662.45074,2099.4149,2550.26984,3102.55605,8378.63609,7201.73051,6469.56503,6641.27611,1818.7898,1360.83631,463.57761,783.61997,1743.90166,1121.17615,940.73492,765.05972,668.07661,595.03421,675.13875,879.91212,1112.37571,1090.00834,755.75882,667.61519,662.95803,1182.98395,823.8755,891.11543,669.97009,972.65886,1395.99742
A 연료연소_2 제조업 및 건설업_2 제조업 및 건설업,71922.38085,85016.97916,88560.18648,97206.23112,102557.4807,104272.8589,105882.5423,106961.9112,96730.73804,104200.762,114987.6332,115154.4169,119063.5056,123985.4604,124769.0874,115686.2859,118351.2295,124007.6582,128555.3901,119426.7005,142222.1971,163534.4861,154066.9708,141594.9475,150708.011,147806.0983,151972.9596,152413.1481,152832.2848,148151.1778,144234.8121,152213.8053,140313.4013
A 연료연소_a 철강,27806.84885,35147.82143,37175.68375,41547.98506,41310.09612,42942.78294,43477.74526,41549.44316,42478.94397,44929.72154,46609.4718,46822.9115,49156.1467,50181.78678,52771.30473,46994.38206,49513.18785,55225.53625,59446.31348,51604.28215,69169.00249,84382.4002,82132.35271,69645.10527,81343.93912,77781.73238,77397.40108,77299.88984,79870.50222,78233.12293,75305.81026,78805.76275,70228.67185
A 연료연소_b 비철금속,547.94368,544.09159,402.99655,410.48926,942.72165,1017.65836,963.30316,788.00392,752.37661,825.46124,1168.61885,1101.88202,1136.78567,1352.23391,1336.61149,1235.21719,1269.0674,1789.64882,2006.66855,2652.82714,2206.7603,2548.2918,2255.67502,2398.9903,2398.07827,2691.24877,2656.55048,2635.11491,2913.64868,2859.25706,3189.53522,3748.42944,3474.2673
A 연료연소_c 화학,8551.63474,10278.59473,10408.71116,11682.86851,12069.09098,11421.24275,13301.70364,14469.14409,11179.8587,12217.10814,15056.54743,15065.00774,14899.47843,17635.87771,18527.57933,17199.74642,16965.47079,17715.13606,17433.87373,18030.21968,20039.2223,21857.42008,19352.38838,20084.04009,19934.07414,18848.06511,20683.99949,22262.24979,23607.04572,22162.67158,23508.24992,25789.0918,23067.59526
"A 연료연소_d 펄프, 제지 및 인쇄",2873.7731,2880.05224,3310.65498,3610.16229,4033.58066,4129.74957,4477.42265,4493.09049,3821.80808,4197.08686,3848.96836,3540.36273,3633.15895,3646.90187,3521.64151,3113.55925,2826.659,2560.27849,2196.47588,1982.82859,1869.77289,1574.15638,1240.20426,1146.08292,919.40175,850.15539,2157.78705,2242.64284,2253.21093,2401.83222,2341.75697,2332.86805,2635.60256
A 연료연소_e 식음료품 가공 및 담배 제조,3300.84695,3360.8001,3700.89684,3785.08753,4104.52302,4377.29583,4418.59922,4066.6191,3413.85494,3153.24761,3139.80383,2890.07896,2927.80718,2848.59443,2811.10606,2757.2039,2535.12335,2542.91522,2179.53743,2199.59304,2314.96581,2197.68722,2107.3472,1927.57946,1876.14712,1904.72179,2181.15195,2078.4797,2160.19309,1921.93354,2038.42226,2104.70338,2211.0434
A 연료연소_f 비금속광물,13868.22084,16050.92531,17670.00756,19408.86283,21932.17827,22059.25452,19241.78778,21117.81298,15670.32818,16332.57236,18450.19485,18742.42588,18576.95591,19876.97598,18453.75379,17122.21163,17385.12461,17265.24055,18267.68215,16096.54883,16915.40736,17809.31502,16644.64236,17161.23786,17286.15113,16992.33455,16250.85778,14728.47995,13566.06183,14775.67045,13390.34693,13966.36828,14455.62401
A 연료연소_g 기타,14973.11268,16754.69376,15891.23563,16760.77564,18165.29005,18324.87496,20001.9806,20477.79743,19413.56755,22545.56419,26714.02806,26991.74808,28733.17276,28443.0897,27347.09051,27263.96542,27856.59654,26908.9028,27024.8389,26860.40112,29707.06597,33165.21543,30334.36082,29231.91156,26950.21947,28737.84028,30645.2118,31166.29112,28461.62233,25796.68999,24460.69054,25466.58155,24240.59695
A 연료연소_2 제조업 및 건설업_g 기타_1 수송장비제조,754.08737,865.13066,848.9344,961.82436,979.68905,1049.72034,1114.10128,1691.70229,2608.40532,3173.92927,2924.00066,2534.92715,2500.12876,1951.62943,1235.95225,508.36614,408.82014,1966.98968,2079.08484,1784.41845,2069.50295,2618.44552,2798.17192,3018.62833,2437.98528,2322.67393,3635.70848,3425.07072,2436.06495,2203.41519,2176.72833,2241.36376,2227.41487
A 연료연소_2 제조업 및 건설업_g 기타_2 기계 제조,2001.41815,2272.78718,2518.44745,2901.99297,3010.90868,3263.65356,3834.2723,3980.35218,3246.75237,3866.92805,3221.15925,3117.40274,3230.65827,3168.39175,3371.11456,3469.59089,3377.51718,2121.23685,2522.48629,2277.65754,2453.2423,2621.89357,2470.15183,2237.6458,2851.80469,2406.26689,2848.88271,3808.82349,3465.46085,4021.2969,3922.27228,4065.45694,4199.00052
A 연료연소_2 제조업 및 건설업_g 기타_3 광업,436.52931,346.07796,332.77126,249.77024,229.15774,215.73692,194.11571,155.90899,123.10474,113.48283,150.93717,158.50205,163.68548,196.20984,167.09372,190.46486,193.88084,163.97644,145.70803,155.8271,193.39201,182.11012,170.80985,183.85575,146.4006,135.32068,140.64968,123.27606,120.69724,119.39054,134.9301,130.99082,122.49456
A 연료연소_2 제조업 및 건설업_g 기타_4 목재 및 목제품,220.16802,240.58625,236.23914,231.36087,339.79443,269.187,288.32223,287.93918,207.48659,256.30448,256.75597,237.57667,253.07643,217.77739,267.37142,168.76754,149.18048,185.15674,180.0674,224.76027,214.63578,182.05672,162.82458,156.77529,191.86486,186.58838,273.76407,128.14485,157.11408,113.31853,136.41785,125.29862,131.07708
A 연료연소_2 제조업 및 건설업_g 기타_5 건설업,1639.47155,1540.07538,1362.64053,1354.85253,1259.43318,1216.50549,1213.97285,1379.60601,1021.8511,1060.34663,1400.20289,1319.78736,1565.08608,1640.47597,1759.45637,1922.73066,2650.52883,2370.42945,2314.44483,2317.94929,2503.35698,2542.08163,2235.14536,2170.61324,2322.15325,2572.18144,2647.4085,2228.1952,2185.6365,2150.07224,2107.58098,2004.54919,1938.4738
A 연료연소_2 제조업 및 건설업_g 기타_6 섬유 및 가죽,6182.235,6078.83288,6119.04237,6611.86142,6921.77691,6729.42298,7302.19853,7323.49759,7925.70401,8633.08651,10520.12344,10227.68245,10112.93943,8954.60612,9433.57087,8584.54469,7816.52574,7536.87202,7412.89581,6974.24078,6822.02714,6576.5166,5967.51476,5314.48107,5640.82253,4963.61377,4918.42749,5314.41924,4923.80163,4575.52059,4115.14866,4337.33859,4202.45246
A 연료연소_2 제조업 및 건설업_g 기타_7 기타,3739.20328,5411.20346,4473.16049,4449.11323,5424.53005,5580.64867,6054.9977,5658.79118,4280.2634,5441.48643,8240.84867,9395.86965,10907.5983,12313.99921,11112.53132,12419.50063,13260.14333,12564.24162,12370.15169,13125.54768,15450.90881,18442.11127,16529.74251,16149.91208,13359.18826,16151.19518,16180.37086,16138.36157,15172.84709,12613.67601,11867.61233,12561.58363,11419.68366
A 연료연소_3 수송,35610.40604,38718.73185,44095.79905,55748.33545,57750.2425,64934.4188,69016.25442,74428.94614,57685.29138,62709.8428,70064.18461,73209.55635,78196.16148,81001.79097,81153.9871,81965.5049,82646.92075,84855.24386,82424.74692,83035.46024,84480.48642,84190.97309,85528.28722,87422.58188,87687.25301,93053.7054,97452.85554,96922.38746,96364.96104,99278.70888,94446.29348,97062.87735,96095.24065
A 연료연소_3 수송_a 국내항공,816.19615,890.01337,1038.13199,1164.57619,1194.24487,1317.19281,1366.80643,1568.93901,1335.89168,1287.24462,1395.35875,1288.44357,1329.54275,1364.92582,1129.82447,1024.83385,960.42663,930.13083,969.63707,1068.52381,1126.33603,1191.04807,1196.52277,1293.64887,1398.4038,1440.87789,1638.79782,1629.62722,1579.56699,1624.62035,1544.63628,1816.52532,1728.52063
A 연료연소_3 수송_b 도로수송,31003.28005,35565.68477,40658.54183,49012.79809,51588.78462,58724.20559,64345.62655,68934.21488,52747.08824,58137.67758,64632.06441,67662.28032,72609.91853,75220.12438,75937.6202,76998.68887,77908.60946,80299.10592,77807.42945,78561.37936,80130.56969,79801.74559,81259.29351,83835.686,84421.42675,88987.63538,93311.22348,92869.57802,92979.50581,95756.48823,91525.64331,93653.51872,92735.88356
A 연료연소_3 수송_c 철도,882.292,897.64468,912.92246,984.44807,934.29311,944.22791,933.3846,929.55823,915.33897,952.46552,976.0002,985.68429,985.50632,1007.63127,861.714,813.41101,741.21775,663.92121,653.98566,576.44893,559.42435,508.91408,511.19098,451.16992,377.53324,343.89318,300.85084,290.89453,289.52292,275.07109,242.53581,215.73234,180.93051
A 연료연소_3 수송_d 국내해운,2457.37339,1041.3054,1145.13367,4346.25126,3700.84348,3655.74256,1974.54623,2599.81247,2218.77865,2071.7302,2767.99449,2514.25503,2920.50402,3040.56694,2896.68479,2793.47221,2697.881,2601.77546,2638.82176,2440.87618,2282.86855,2276.75479,2158.61466,1417.49259,1016.12124,1649.82407,1415.498,1347.18542,1027.84973,1224.94962,1000.51557,1286.58696,1381.9302
A 연료연소_3 수송_e 기타수송,451.26445,324.08364,341.0691,240.26185,332.07641,293.04993,395.8906,396.42155,468.19385,260.72488,292.76675,758.89314,350.68985,368.54255,328.14365,335.09898,338.78591,360.31045,354.87297,388.23196,381.2878,412.51056,402.6653,424.5845,473.76798,631.47488,786.4854,785.10228,488.51559,397.5796,132.9625,90.51401,67.97576
A 연료연소_4 기타,69343.34242,64560.44293,65990.0067,68263.11704,67827.45572,73901.73913,78279.31084,79931.24217,62140.27543,72182.98168,69684.58171,67652.77583,67903.64763,65599.30904,61705.21739,61578.0077,59468.28209,57766.42747,56397.27536,55045.77822,57908.56102,56453.29905,54843.74944,53757.47387,47988.11669,48937.8563,50868.08347,51964.96912,51987.58438,49133.89723,47502.97087,47239.78537,47714.50612
A 연료연소_4 기타_a 상업/공공,26662.27554,27448.47724,32077.7165,37258.08729,39231.85464,44346.50615,47189.69758,48601.34827,35283.51513,38086.53318,29976.22641,25329.23822,24838.21516,24740.02791,22739.73536,19952.27952,18288.6862,19517.18272,18528.90273,17877.34473,18489.8099,18235.0794,17854.39574,17415.19335,15704.22452,17504.86016,18120.71356,18654.14847,17658.97181,15914.66207,13334.34666,13235.19877,13633.04706
A 연료연소_4 기타_b 가정,36949.86825,31545.15111,27685.34037,24013.4703,20552.57072,21003.12534,21533.11231,20795.89165,17414.92866,23935.48848,29057.81797,30337.84469,31288.44182,30587.58952,29785.84469,32848.89367,32495.0201,29922.20809,30609.63388,29793.56765,31851.36626,31143.8935,30002.86213,29194.52792,26737.82053,26539.64154,28436.12011,29329.16287,30567.15616,29203.8759,29708.41764,30025.58142,30462.28545
A 연료연소_4 기타_c 농업/임업/어업,5731.19863,5566.81458,6226.94984,6991.55944,8043.03036,8552.10764,9556.50095,10534.00225,9441.83164,10160.96002,10650.53732,11985.69291,11776.99066,10271.69161,9179.63734,8776.83451,8684.57579,8327.03666,7258.73875,7374.86583,7567.38486,7074.32615,6986.49157,7147.75261,5546.07164,4893.3546,4311.2498,3981.65778,3761.45641,4015.35925,4460.20657,3979.00518,3619.17361
A 연료연소_4 기타_c 농업/임업/어업_농업/임업,3123.6379,2956.13865,3355.38293,3796.89528,4221.32786,4466.63193,5395.33033,6146.89105,5450.10017,6632.75122,6876.68245,7810.8504,7644.51181,6270.08462,5446.61629,5396.20783,5310.93938,5069.42068,4727.00419,4537.35564,4789.8016,4562.30974,4529.10149,4523.08753,3128.28843,2159.63885,1404.88779,1199.02946,1208.14068,1149.56349,1442.13497,1428.70663,1300.50848
A 연료연소_4 기타_c 농업/임업/어업_3 어업,2607.56073,2610.67594,2871.5669,3194.66416,3821.7025,4085.47571,4161.17062,4387.11119,3991.73147,3528.2088,3773.85487,4174.84251,4132.47885,4001.60698,3733.02105,3380.62668,3373.63641,3257.61598,2531.73456,2837.51019,2777.58326,2512.0164,2457.39008,2624.66508,2417.78321,2733.71575,2906.36201,2782.62831,2553.31573,2865.79576,3018.07159,2550.29855,2318.66513
A 연료연소_5 미분류,182.31403,4676.03747,2954.35588,3162.18934,2850.6172,2824.45635,3082.22565,2933.80349,2664.74508,2736.22516,2412.02485,3122.54418,2842.1755,3326.81541,3154.58448,3233.76045,2854.88864,2911.19383,2605.14653,2881.06963,2952.17506,2884.99652,2933.29387,2987.47962,2867.42936,3105.88843,3080.78854,3203.48775,3129.45205,2954.83145,2920.48699,2932.12676,3028.2553
B 탈루,186.97941,163.5683,130.06945,102.69513,80.97593,62.39473,54.13917,49.47164,47.85246,46.19094,45.80071,42.23939,36.8872,36.71818,44.56852,56.32329,53.35868,48.86436,42.34609,51.88335,49.45539,45.16638,44.5347,42.80785,35.3516,29.22134,27.33674,33.46898,28.83213,25.28245,21.04836,13.86867,10.62662
B 탈루_1 고체연료,186.90775,163.46965,129.93546,102.51321,80.74693,62.09632,53.74806,48.98227,47.34302,45.56263,45.0524,41.43735,36.02021,35.80309,34.6415,30.74419,30.65734,31.33042,30.10369,27.34626,22.6239,22.6239,22.73246,19.70364,18.97629,19.14998,18.73746,16.12116,13.04891,11.7679,11.06226,9.74869,8.90192
B 탈루_2 석유 및 천연가스,0.07166,0.09865,0.13399,0.18193,0.229,0.29841,0.39111,0.48937,0.50944,0.6283,0.74831,0.80204,0.86699,0.91509,9.92703,25.5791,22.70133,17.53395,12.2424,24.53709,26.83148,22.54248,21.80223,23.10421,16.37531,10.07136,8.59928,17.34782,15.78322,13.51455,9.98609,4.11999,1.7247
B 탈루_2 석유 및 천연가스_a 석유,0.02402,0.03111,0.03968,0.04367,0.04469,0.04869,0.05624,0.06804,0.06381,0.06809,0.06964,0.06695,0.06162,0.0627,0.06433,0.06569,0.06924,0.06798,0.06738,0.06506,0.06797,0.07222,0.0738,0.07129,0.07226,0.07994,0.08399,0.08711,0.08696,0.08351,0.07637,0.0748,0.08034
B 탈루_2 석유 및 천연가스_b 천연가스,0.03889,0.05821,0.08263,0.12123,0.16149,0.22355,0.30031,0.37814,0.40616,0.51303,0.62029,0.67678,0.735,0.78062,0.82199,0.92808,0.92028,0.94571,1.00612,1.01819,1.1645,1.22164,1.3253,1.30319,1.19944,1.11417,1.14377,1.23376,1.33557,1.26493,1.22518,1.3036,1.35886
B 탈루_2 석유 및 천연가스_c 탈기 및 소각,0.00875,0.00934,0.01167,0.01703,0.02282,0.02618,0.03457,0.04319,0.03947,0.04718,0.05838,0.05832,0.07036,0.07177,9.0407,24.58532,21.71181,16.52026,11.16891,23.45384,25.59901,21.24861,20.40314,21.72973,15.10361,8.87725,7.37152,16.02695,14.36068,12.16611,8.68454,2.74158,0.28549
C 이산화탄소 수송 및 저장,0,0,0,0,0,0,0,0,0,0,0,0,0,0,0,0,0,0,0,0,0,0,0,0,0,0,0,0,0,0,0,0,0
산업공정 및 제품사용,36119.87573,42274.10537,48598.41158,55147.91009,58276.93329,61591.04114,63745.46184,66896.03104,61630.72698,63250.56018,65160.3093,71377.32583,72654.59092,74629.29007,74534.10766,77139.63877,78451.6155,73852.89404,75259.78253,69911.32009,72799.81936,76240.4628,77514.14311,88467.21043,90437.92948,91763.19922,90424.67047,95993.607,93240.51429,92710.12302,86012.71849,89690.64151,88082.11838
A 광물산업,16386.70859,19523.83459,21749.27038,25352.70398,27687.11679,29093.19548,29305.51387,30433.50549,23929.3322,24996.35358,26101.30274,27071.24664,28485.05698,29471.31801,27768.27478,25097.93321,24905.71682,28165.26589,28819.51026,28089.12045,28334.52035,29172.78762,29364.92197,29451.70313,29893.39887,30550.1457,32196.89988,31963.44369,30453.91666,30539.66081,27967.38921,29005.85992,28421.12994
A 광물산업_1 시멘트생산,15870.87167,18960.06458,21126.4456,24697.87712,26837.23615,28101.72186,28305.65937,29317.10808,22876.59464,23716.88624,24753.54328,25662.75783,27104.25425,27917.99316,26121.24588,23323.5361,23137.27391,26272.6328,26077.02228,24550.64631,24294.27669,24717.80591,24845.97685,25047.56965,25409.10132,25776.03286,26669.10389,26347.95632,24699.53025,24927.30967,22700.49754,23516.13019,23227.36079
A 광물산업_2 석회생산,256.80845,297.30212,321.70044,356.06041,509.39199,637.75489,635.0926,750.25064,762.22655,815.95337,803.60178,787.74694,758.82141,893.501,932.5648,1033.49394,1028.29304,1019.56201,1856.60289,2607.18495,2970.55533,3314.36204,3365.49895,3242.22925,3287.56606,3415.21829,4108.99561,4153.96448,4303.17979,4335.59762,3978.67008,4215.70053,3961.71488
A 광물산업_3 유리생산,57.38437,76.70012,86.16175,94.51709,99.29119,100.64028,111.64352,123.14219,89.05477,91.4568,109.66709,121.58086,113.59519,128.01883,131.28465,129.4707,138.9702,136.4701,143.6151,115.5753,223.6312,240.8792,197.291,211.0405,212.7109,226.7417,254.0239,248.7645,302.58693,272.4258,253.46661,255.48519,260.46944
A 광물산업_4 탄산염의 기타 공정 사용,201.64411,189.76777,214.9626,204.24936,241.19746,253.07844,253.11837,243.00458,201.45624,372.05717,434.49059,499.16101,508.38613,531.80501,583.17945,611.43248,601.17968,736.60098,742.26999,815.71388,846.05713,899.74047,956.15517,950.86372,984.02059,1132.15285,1164.77648,1212.75839,1148.61968,1004.32772,1034.75499,1018.54401,971.58484
B 화학산업,6311.9599,8121.26273,11592.09313,12690.56789,13846.278,14526.27406,15281.84044,18174.87358,19887.94904,20462.93488,20067.89738,24813.27255,25102.12263,25733.45422,26754.50862,28404.27772,29699.09334,25041.25196,24489.76285,23197.01606,23577.68778,24608.64373,26019.05845,25438.84195,26295.17276,27049.43276,29344.99691,30441.04368,30590.60998,29835.88563,28385.47576,32066.41547,31277.03392
B 화학산업_1 암모니아 생산,0,0,0,0,0,0,0,0,0,0,0,0,0,0,0,0,0,0,0,0,0,0,0,0,0,0,0,0,0,0,0,0,0
B 화학산업_2 질산 생산,0,0,0,0,0,0,0,0,0,0,0,0,0,0,0,0,0,0,0,0,0,0,0,0,0,0,0,0,0,0,0,0,0
B 화학산업_3 아디브산 생산,0,0,0,0,0,0,0,0,0,0,0,0,0,0,0,0,0,0,0,0,0,0,0,0,0,0,0,0,0,0,0,0,0
"B 화학산업_4 카프로락탐, 글리옥살, 글리옥실산 생산",0,0,0,0,0,0,0,0,0,0,0,0,0,0,0,0,0,0,0,0,0,0,0,0,0,0,0,0,0,0,0,0,0
B 화학산업_5 카바이드 생산,0,0,0,0,0,0,0,0,0,0,0,0,0,0,0,0,0,0,0,0,0,0,0,0,0,0,0,0,0,0,0,0,0
B 화학산업_6 이산화티타늄 생산,0,0,0,0,0,0,0,0,0,0,0,0,0,0,0,0,0,0,0,0,0,0,0,0,0,0,0,0,0,0,0,0,0
B 화학산업_7 소다회 생산,0,0,0,0,0,0,0,0,0,0,0,0,0,0,0,0,0,0,0,0,0,0,0,0,0,0,0,0,0,0,0,0,0
B 화학산업_8 석유화학제품 및 카본블랙 생산,5254.07766,7073.38826,10453.71987,11699.36431,12373.06273,12946.64093,13753.86992,16872.11567,18615.07872,19232.8717,19093.99313,23796.35822,24637.33572,25407.62155,26340.87184,28004.86633,29483.37842,24821.81817,24266.15885,22986.60773,23372.73121,24534.18786,26017.25005,25437.06875,26293.44906,27047.85646,29343.44041,30439.47838,30589.28118,29834.68619,28384.29348,32065.33307,31276.03072
B 화학산업_9 불소화합물 생산,0,0,0,0,0,0,0,0,0,0,0,0,0,0,0,0,0,0,0,0,0,0,0,0,0,0,0,0,0,0,0,0,0
B 화학산업_10 기타,1057.88224,1047.87448,1138.37327,991.20358,1473.21527,1579.63312,1527.97052,1302.75791,1272.87032,1230.06319,973.90426,1016.91433,464.78691,325.83267,413.63678,399.41139,215.71492,219.43379,223.604,210.40833,204.95657,74.45587,1.8084,1.7732,1.7237,1.5763,1.5565,1.5653,1.3288,1.19944,1.18228,1.0824,1.0032
C 금속산업,13064.4831,14268.54285,14868.81442,16695.57215,16296.95214,17488.6228,18628.05662,17757.78495,17404.73569,17305.59385,18480.55906,19007.1708,18581.26169,18901.32173,19475.26827,23102.62982,23326.34745,20123.88991,21432.88408,18155.17619,20342.07657,21914.44004,21573.58618,33003.30845,33666.34143,33557.05524,28277.23618,32968.52901,31596.9406,31765.03315,29111.09907,28044.98826,27770.50693
C 금속산업_1 철강생산,13041.2203,14268.54285,14868.81442,16695.57215,16296.95214,17488.6228,18628.05662,17757.78495,17404.73569,17305.59385,18480.55906,19007.1708,18581.26169,18901.32173,19475.26827,23102.62982,23326.34745,20055.63167,21365.89629,18078.69868,20254.68524,21835.31127,21482.30522,32902.123,33569.7592,33478.33794,28191.88865,32883.48542,31511.65975,31687.85286,29029.18979,27967.95732,27709.85755
C 금속산업_2 합금철 생산,0,0,0,0,0,0,0,0,0,0,0,0,0,0,0,0,0,11.20992,6.39949,12.81811,15.67635,18.4841,18.87798,16.16011,8.73043,7.74061,2.80014,1.57801,0.91246,0.79765,0.77052,1.91921,1.91153
C 금속산업_3 알루미늄 생산,23.2628,0,0,0,0,0,0,0,0,0,0,0,0,0,0,0,0,0,0,0,0,0,0,0,0,0,0,0,0,0,0,0,0
C 금속산업_4 마그네슘 생산,0,0,0,0,0,0,0,0,0,0,0,0,0,0,0,0,0,0,0,0,0,0,0,7.18892,8.43782,0,0,0,0,0,0,0,0
C 금속산업_5 납 생산,0,0,0,0,0,0,0,0,0,0,0,0,0,0,0,0,0,0,0,0,0,0,0,0,0,0,0,0,0,0,0,0,0
C 금속산업_6 아연 생산,0,0,0,0,0,0,0,0,0,0,0,0,0,0,0,0,0,0,0,0,0,0,0,0,0,0,0,0,0,0,0,0,0
C 금속산업_7 기타,0,0,0,0,0,0,0,0,0,0,0,0,0,0,0,0,0,57.04832,60.5883,63.65939,71.71497,60.64467,72.40298,77.83642,79.41398,70.97668,82.54739,83.46558,84.36838,76.38264,81.13876,75.11173,58.73784
D 비에너지 연료 및 용매 사용,356.72414,360.46519,388.23365,409.06607,446.58635,482.9488,530.05091,529.86702,408.71004,485.67787,510.55011,485.63583,486.14962,523.19611,536.056,534.79802,520.45788,522.48628,517.62534,470.00741,545.53467,544.59141,556.57652,573.3569,583.01643,606.56552,605.5375,620.59063,599.04705,569.54343,548.75445,573.37785,613.44759
D 비에너지 연료 및 용매 사용_1 윤활유 사용,356.72414,360.46519,388.23365,409.06607,446.58635,482.9488,530.05091,522.39447,403.29584,479.54828,504.96581,479.3472,479.37342,515.48776,526.19904,526.80106,511.37833,510.79696,507.83839,460.88241,534.96233,535.52844,547.58908,563.6203,573.1386,597.27289,594.96823,609.74135,589.58863,556.89801,536.73353,558.32285,598.78006
D 비에너지 연료 및 용매 사용_2 파라핀 왁스 사용,0,0,0,0,0,0,0,7.47254,5.4142,6.12959,5.5843,6.28863,6.7762,7.70835,9.85696,7.99696,9.07955,11.68932,9.78695,9.12499,10.57234,9.06297,8.98744,9.7366,9.87783,9.29263,10.56927,10.84928,9.45843,12.64542,12.02092,15.05501,14.66753
D 비에너지 연료 및 용매 사용_3 기타,0,0,0,0,0,0,0,0,0,0,0,0,0,0,0,0,0,0,0,0,0,0,0,0,0,0,0,0,0,0,0,0,0
E 전자 산업,0,0,0,0,0,0,0,0,0,0,0,0,0,0,0,0,0,0,0,0,0,0,0,0,0,0,0,0,0,0,0,0,0
F 오존층파괴물질의 대체물질 사용,0,0,0,0,0,0,0,0,0,0,0,0,0,0,0,0,0,0,0,0,0,0,0,0,0,0,0,0,0,0,0,0,0
F 오존층파괴물질의 대체물질 사용_1 냉장 및 냉방,0,0,0,0,0,0,0,0,0,0,0,0,0,0,0,0,0,0,0,0,0,0,0,0,0,0,0,0,0,0,0,0,0
F 오존층파괴물질의 대체물질 사용_2 발포제,0,0,0,0,0,0,0,0,0,0,0,0,0,0,0,0,0,0,0,0,0,0,0,0,0,0,0,0,0,0,0,0,0
F 오존층파괴물질의 대체물질 사용_3 소화기,0,0,0,0,0,0,0,0,0,0,0,0,0,0,0,0,0,0,0,0,0,0,0,0,0,0,0,0,0,0,0,0,0
F 오존층파괴물질의 대체물질 사용_4 에어로졸,0,0,0,0,0,0,0,0,0,0,0,0,0,0,0,0,0,0,0,0,0,0,0,0,0,0,0,0,0,0,0,0,0
F 오존층파괴물질의 대체물질 사용_5 용매,0,0,0,0,0,0,0,0,0,0,0,0,0,0,0,0,0,0,0,0,0,0,0,0,0,0,0,0,0,0,0,0,0
F 오존층파괴물질의 대체물질 사용_6 기타 오존층파괴물질의 대체물질 사용,0,0,0,0,0,0,0,0,0,0,0,0,0,0,0,0,0,0,0,0,0,0,0,0,0,0,0,0,0,0,0,0,0
G 기타 제품제조 및 소비,0,0,0,0,0,0,0,0,0,0,0,0,0,0,0,0,0,0,0,0,0,0,0,0,0,0,0,0,0,0,0,0,0
G 기타 제품제조 및 소비_1 중전기기,0,0,0,0,0,0,0,0,0,0,0,0,0,0,0,0,0,0,0,0,0,0,0,0,0,0,0,0,0,0,0,0,0
G 기타 제품제조 및 소비_2 기타 제품사용의 육불화황 및 과불화탄소,0,0,0,0,0,0,0,0,0,0,0,0,0,0,0,0,0,0,0,0,0,0,0,0,0,0,0,0,0,0,0,0,0
G 기타 제품제조 및 소비_3 제품사용의 N2O,0,0,0,0,0,0,0,0,0,0,0,0,0,0,0,0,0,0,0,0,0,0,0,0,0,0,0,0,0,0,0,0,0
H 기타,0,0,0,0,0,0,0,0,0,0,0,0,0,0,0,0,0,0,0,0,0,0,0,0,0,0,0,0,0,0,0,0,0
H 기타_1 펄프 및 종이,0,0,0,0,0,0,0,0,0,0,0,0,0,0,0,0,0,0,0,0,0,0,0,0,0,0,0,0,0,0,0,0,0
H 기타_2 식품 및 음료,0,0,0,0,0,0,0,0,0,0,0,0,0,0,0,0,0,0,0,0,0,0,0,0,0,0,0,0,0,0,0,0,0
H 기타_3 기타,0,0,0,0,0,0,0,0,0,0,0,0,0,0,0,0,0,0,0,0,0,0,0,0,0,0,0,0,0,0,0,0,0
농업,435.03187,294.58307,341.91743,348.69093,330.3914,320.921,318.1317,307.5832,323.0161,312.504,288.27567,240.73467,230.40267,223.41587,245.192,165.57697,130.43577,193.67483,157.20203,134.05813,124.2641,139.72853,140.2819,132.92063,130.92033,122.1324,121.57577,114.3415,120.1604,112.83897,107.79931,112.465,94.14973
A 장내발효,0,0,0,0,0,0,0,0,0,0,0,0,0,0,0,0,0,0,0,0,0,0,0,0,0,0,0,0,0,0,0,0,0
A 장내발효_1 소,0,0,0,0,0,0,0,0,0,0,0,0,0,0,0,0,0,0,0,0,0,0,0,0,0,0,0,0,0,0,0,0,0
A 장내발효_2 양(면양),0,0,0,0,0,0,0,0,0,0,0,0,0,0,0,0,0,0,0,0,0,0,0,0,0,0,0,0,0,0,0,0,0
A 장내발효_3 돼지,0,0,0,0,0,0,0,0,0,0,0,0,0,0,0,0,0,0,0,0,0,0,0,0,0,0,0,0,0,0,0,0,0
A 장내발효_4 기타 가축,0,0,0,0,0,0,0,0,0,0,0,0,0,0,0,0,0,0,0,0,0,0,0,0,0,0,0,0,0,0,0,0,0
B 가축분뇨처리,0,0,0,0,0,0,0,0,0,0,0,0,0,0,0,0,0,0,0,0,0,0,0,0,0,0,0,0,0,0,0,0,0
B 가축분뇨처리_1 소,0,0,0,0,0,0,0,0,0,0,0,0,0,0,0,0,0,0,0,0,0,0,0,0,0,0,0,0,0,0,0,0,0
B 가축분뇨처리_2 양(면양),0,0,0,0,0,0,0,0,0,0,0,0,0,0,0,0,0,0,0,0,0,0,0,0,0,0,0,0,0,0,0,0,0
B 가축분뇨처리_3 돼지,0,0,0,0,0,0,0,0,0,0,0,0,0,0,0,0,0,0,0,0,0,0,0,0,0,0,0,0,0,0,0,0,0
B 가축분뇨처리_4 기타 가축,0,0,0,0,0,0,0,0,0,0,0,0,0,0,0,0,0,0,0,0,0,0,0,0,0,0,0,0,0,0,0,0,0
B 가축분뇨처리_5 간접 N2O 배출량,0,0,0,0,0,0,0,0,0,0,0,0,0,0,0,0,0,0,0,0,0,0,0,0,0,0,0,0,0,0,0,0,0
C 벼재배,0,0,0,0,0,0,0,0,0,0,0,0,0,0,0,0,0,0,0,0,0,0,0,0,0,0,0,0,0,0,0,0,0
C 벼재배_1 관개,0,0,0,0,0,0,0,0,0,0,0,0,0,0,0,0,0,0,0,0,0,0,0,0,0,0,0,0,0,0,0,0,0
C 벼재배_2 천수답,0,0,0,0,0,0,0,0,0,0,0,0,0,0,0,0,0,0,0,0,0,0,0,0,0,0,0,0,0,0,0,0,0
D 농경지토양,0,0,0,0,0,0,0,0,0,0,0,0,0,0,0,0,0,0,0,0,0,0,0,0,0,0,0,0,0,0,0,0,0
D 농경지토양_1 직접배출,0,0,0,0,0,0,0,0,0,0,0,0,0,0,0,0,0,0,0,0,0,0,0,0,0,0,0,0,0,0,0,0,0
D 농경지토양_2 간접배출,0,0,0,0,0,0,0,0,0,0,0,0,0,0,0,0,0,0,0,0,0,0,0,0,0,0,0,0,0,0,0,0,0
D 농경지토양_2 간접배출,0,0,0,0,0,0,0,0,0,0,0,0,0,0,0,0,0,0,0,0,0,0,0,0,0,0,0,0,0,0,0,0,0
E 사바나 소각,0,0,0,0,0,0,0,0,0,0,0,0,0,0,0,0,0,0,0,0,0,0,0,0,0,0,0,0,0,0,0,0,0
F 작물잔사소각_1 곡물,0,0,0,0,0,0,0,0,0,0,0,0,0,0,0,0,0,0,0,0,0,0,0,0,0,0,0,0,0,0,0,0,0
F 작물잔사소각_2 두류,0,0,0,0,0,0,0,0,0,0,0,0,0,0,0,0,0,0,0,0,0,0,0,0,0,0,0,0,0,0,0,0,0
F 작물잔사소각_3 서류,0,0,0,0,0,0,0,0,0,0,0,0,0,0,0,0,0,0,0,0,0,0,0,0,0,0,0,0,0,0,0,0,0
F 작물잔사소각_4 사탕수수,0,0,0,0,0,0,0,0,0,0,0,0,0,0,0,0,0,0,0,0,0,0,0,0,0,0,0,0,0,0,0,0,0
F 작물잔사소각_5 기타,0,0,0,0,0,0,0,0,0,0,0,0,0,0,0,0,0,0,0,0,0,0,0,0,0,0,0,0,0,0,0,0,0
G 석회 시용,2.5434,2.3864,2.1509,2.826,2.983,2.669,2.6847,3.1714,3.6267,3.4854,3.4226,4.0506,4.9298,4.4902,4.0192,4.3837,3.9871,3.4533,3.0649,3.4522,2.6657,4.2694,3.8709,3.4257,3.8014,3.493,3.5113,3.5517,3.1248,2.2149,2.79404,2.465,2.48306
H 요소 시용,432.48847,292.19667,339.76653,345.86493,327.4084,318.252,315.447,304.4118,319.3894,309.0186,284.85307,236.68407,225.47287,218.92567,241.1728,161.19327,126.44867,190.22153,154.13713,130.60593,121.5984,135.45913,136.411,129.49493,127.11893,118.6394,118.06447,110.7898,117.0356,110.62407,105.00527,110,91.66667
LULUCF,-39384.64981,-35400.58427,-34561.65346,-32975.70307,-35335.72892,-33580.3008,-37020.35174,-42021.44369,-50408.60828,-58601.03256,-60858.74524,-61094.78226,-58774.60679,-58458.91917,-59811.58676,-57844.83865,-59042.63011,-59754.59846,-60699.01808,-60472.39799,-57749.43972,-56942.69034,-50939.72864,-46642.25231,-47531.10398,-48200.285,-48627.37018,-43257.02888,-41964.15137,-39090.87367,-39282.12951,-39417.65673,-38437.24469
A 산림지,-38226.32886,-34163.24819,-33540.81115,-31968.59132,-34375.70467,-33102.60995,-36825.75955,-41925.02732,-50590.83143,-58347.23217,-60590.33151,-60918.49428,-58657.08269,-58358.19048,-59594.86748,-57612.52099,-59187.41616,-60257.75312,-61485.51771,-61241.79058,-58836.95169,-57732.37337,-51553.42245,-47014.09592,-47856.78887,-48486.43456,-48728.60852,-43702.33664,-42633.11914,-39974.74738,-40244.15708,-40385.36478,-39539.92668
A 산림지_1 산림지로 유지된 산림지,-38226.32886,-34163.24819,-33540.81115,-31968.59132,-34375.70467,-33102.60995,-36825.75955,-41925.02732,-50590.83143,-58347.23217,-60590.33151,-60918.49428,-58657.08269,-58358.19048,-59594.86748,-57612.52099,-59187.41616,-60257.75312,-61485.51771,-61241.79058,-58836.95169,-57732.37337,-51553.42245,-47014.09592,-47856.78887,-48486.43456,-48728.60852,-43702.33664,-42633.11914,-39974.74738,-40244.15708,-40385.36478,-39539.92668
A 산림지_2 타토지에서 전용된 산림지,0,0,0,0,0,0,0,0,0,0,0,0,0,0,0,0,0,0,0,0,0,0,0,0,0,0,0,0,0,0,0,0,0
B 농경지,-29.89269,123.44889,338.93997,514.23971,779.05947,1278.96485,1700.19888,1841.71078,1870.25548,1852.34431,1843.0242,1910.84559,1943.14801,2037.88085,2095.26514,2165.20435,2379.32367,2569.50718,2754.61686,2900.12285,2971.71087,3031.47706,2703.68384,2712.58186,2768.42464,2486.78281,2370.96448,2448.60634,2570.47695,2635.53971,2684.21029,2873.77218,2859.49084
B 농경지_1 농경지로 유지된 농경지,0,0,0,0,0,0,0,0,0,0,0,0,0,0,0,0,0,0,0,0,0,0,0,0,0,0,0,0,0,0,0,0,0
B 농경지_2 타토지에서 전용된 농경지,-29.89269,123.44889,338.93997,514.23971,779.05947,1278.96485,1700.19888,1841.71078,1870.25548,1852.34431,1843.0242,1910.84559,1943.14801,2037.88085,2095.26514,2165.20435,2379.32367,2569.50718,2754.61686,2900.12285,2971.71087,3031.47706,2703.68384,2712.58186,2768.42464,2486.78281,2370.96448,2448.60634,2570.47695,2635.53971,2684.21029,2873.77218,2859.49084
C 초지,-670.40914,-712.20577,-686.06013,-679.09371,-678.03291,-693.11836,-711.16831,-728.40541,-734.28821,-734.55228,-741.89286,-722.83138,-688.75467,-670.24527,-622.21748,-531.51806,-377.14599,-298.26056,-252.10181,-231.14431,-211.74942,-161.47853,-174.71954,-167.52459,-150.55345,-120.80478,-88.8949,-55.85955,-36.36492,-23.92735,-16.02014,-6.90147,1.24155
C 초지_1 초지로 유지된 초지,0,0,0,0,0,0,0,0,0,0,0,0,0,0,0,0,0,0,0,0,0,0,0,0,0,0,0,0,0,0,0,0,0
C 초지_2 타토지에서 전용된 초지,-670.40914,-712.20577,-686.06013,-679.09371,-678.03291,-693.11836,-711.16831,-728.40541,-734.28821,-734.55228,-741.89286,-722.83138,-688.75467,-670.24527,-622.21748,-531.51806,-377.14599,-298.26056,-252.10181,-231.14431,-211.74942,-161.47853,-174.71954,-167.52459,-150.55345,-120.80478,-88.8949,-55.85955,-36.36492,-23.92735,-16.02014,-6.90147,1.24155
D 습지,65.24265,58.20235,63.62294,63.48813,63.5934,76.7679,71.18449,74.82835,75.09849,69.22306,71.00713,70.5657,72.09967,65.59863,56.4565,29.4416,21.63942,25.08342,35.64592,35.87248,29.19315,30.06329,24.79189,30.60673,32.25887,41.46047,44.32503,27.66948,15.18634,10.23755,8.74729,4.69385,0.13127
D 습지_1 습지로 유지된 습지,-21.0589,-20.7869,-19.1629,-18.7229,-19.2479,-19.2289,-20.2199,-18.6619,-19.4579,-21.0729,-20.8289,-22.2839,-21.6819,-23.0289,-22.8259,-24.4819,-25.2159,-24.7039,-24.4329,-25.1289,-27.6369,-27.9669,-27.4249,-21.3059,-21.8319,-20.7359,-20.8489,-23.0567,-20.4151,-21.4705,-21.8238,-22.2427,-23.7166
D 습지_1 습지로 유지된 습지_내륙습지,0,0,0,0,0,0,0,0,0,0,0,0,0,0,0,0,0,0,0,0,0,0,0,0,0,0,0,0,0,0,0,0,0
D 습지_1 습지로 유지된 습지_연안습지,-21.0589,-20.7869,-19.1629,-18.7229,-19.2479,-19.2289,-20.2199,-18.6619,-19.4579,-21.0729,-20.8289,-22.2839,-21.6819,-23.0289,-22.8259,-24.4819,-25.2159,-24.7039,-24.4329,-25.1289,-27.6369,-27.9669,-27.4249,-21.3059,-21.8319,-20.7359,-20.8489,-23.0567,-20.4151,-21.4705,-21.8238,-22.2427,-23.7166
D 습지_2 타토지에서 전용된 습지,86.30155,78.98925,82.78584,82.21103,82.8413,95.9968,91.40439,93.49025,94.55639,90.29596,91.83603,92.8496,93.78157,88.62753,79.2824,53.9235,46.85532,49.78732,60.07882,61.00138,56.83005,58.03019,52.21679,51.91263,54.09077,62.19637,65.17393,50.72618,35.60144,31.70805,30.57109,26.93655,23.84787
D 습지_2 타토지에서 전용된 습지_내륙습지,86.30155,78.98925,82.78584,82.21103,82.8413,95.9968,91.40439,93.49025,94.55639,90.29596,91.83603,92.8496,93.78157,88.62753,79.2824,53.9235,46.85532,49.78732,60.07882,61.00138,56.83005,58.03019,52.21679,51.91263,54.09077,62.19637,65.17393,50.72618,35.60144,31.70805,30.57109,26.93655,23.84787
E 정주지,-729.0103,-750.13667,-770.94687,-791.44089,-811.61874,-831.48042,-851.02593,-870.25527,-889.16843,-907.76542,-926.04624,-944.01089,-915.35077,-936.74208,-957.76716,-978.42603,-998.71867,-1018.64509,-1038.20529,-1057.39927,-1076.22703,-1094.68857,-1112.78388,-1130.51297,-1147.87585,-1164.8725,-1181.50293,-1197.76713,-1213.66512,-1229.19689,-1224.69836,-1220.17795,-1215.63564
E 정주지_1 정주지로 유지된 정주지,-729.0103,-750.13667,-770.94687,-791.44089,-811.61874,-831.48042,-851.02593,-870.25527,-889.16843,-907.76542,-926.04624,-944.01089,-915.35077,-936.74208,-957.76716,-978.42603,-998.71867,-1018.64509,-1038.20529,-1057.39927,-1076.22703,-1094.68857,-1112.78388,-1130.51297,-1147.87585,-1164.8725,-1181.50293,-1197.76713,-1213.66512,-1229.19689,-1224.69836,-1220.17795,-1215.63564
E 정주지_2 타토지에서 전용된 기타토지,0,0,0,0,0,0,0,0,0,0,0,0,0,0,0,0,0,0,0,0,0,0,0,0,0,0,0,0,0,0,0,0,0
F 기타토지,0,0,0,0,0,0,0,0,0,0,0,0,0,0,0,0,0,0,0,0,0,0,0,0,0,0,0,0,0,0,0,0,0
F 기타토지_1 기타토지로 유지된 기타토지,0,0,0,0,0,0,0,0,0,0,0,0,0,0,0,0,0,0,0,0,0,0,0,0,0,0,0,0,0,0,0,0,0
F 기타토지_2 타토지에서 전용된 기타토지,0,0,0,0,0,0,0,0,0,0,0,0,0,0,0,0,0,0,0,0,0,0,0,0,0,0,0,0,0,0,0,0,0
G 수확된 목재제품,205.74853,43.35511,33.60176,-114.30499,-313.02546,-308.82482,-403.78132,-414.29482,-139.67418,-533.05007,-514.50596,-490.857,-528.66634,-597.22082,-788.45627,-917.01952,-880.31236,-774.53029,-713.45606,-878.05916,-625.41561,-1015.69022,-827.2785,-1073.30742,-1176.56932,-956.41645,-1043.65334,-777.34138,-666.66548,-508.77932,-490.21151,-683.67855,-542.54604
H 기타,0,0,0,0,0,0,0,0,0,0,0,0,0,0,0,0,0,0,0,0,0,0,0,0,0,0,0,0,0,0,0,0,0
폐기물,530.00621,705.27799,828.75952,1022.29049,1476.73086,2113.7906,1508.66544,1904.74234,1797.16049,3118.79512,4160.38935,4858.62586,4284.72192,4444.33636,4398.8924,4683.18151,4985.72821,4228.17894,3940.21014,3979.46794,3817.67447,4523.55892,5092.92574,5141.64291,4710.54539,4998.18441,5033.85353,5254.03683,4848.63777,4745.74617,4456.7238,4472.8029,4263.30825
A 폐기물매립,0,0,0,0,0,0,0,0,0,0,0,0,0,0,0,0,0,0,0,0,0,0,0,0,0,0,0,0,0,0,0,0,0
A 폐기물매립_1 관리형 매립,0,0,0,0,0,0,0,0,0,0,0,0,0,0,0,0,0,0,0,0,0,0,0,0,0,0,0,0,0,0,0,0,0
A 폐기물매립_2 비관리형 매립,0,0,0,0,0,0,0,0,0,0,0,0,0,0,0,0,0,0,0,0,0,0,0,0,0,0,0,0,0,0,0,0,0
A 폐기물매립_3 기타 매립,0,0,0,0,0,0,0,0,0,0,0,0,0,0,0,0,0,0,0,0,0,0,0,0,0,0,0,0,0,0,0,0,0
B 고형폐기물의 생물학적 처리,0,0,0,0,0,0,0,0,0,0,0,0,0,0,0,0,0,0,0,0,0,0,0,0,0,0,0,0,0,0,0,0,0
B 고형폐기물의 생물학적 처리_1 퇴비화,0,0,0,0,0,0,0,0,0,0,0,0,0,0,0,0,0,0,0,0,0,0,0,0,0,0,0,0,0,0,0,0,0
B 고형폐기물의 생물학적 처리_2 바이오가스시설에서의 혐기성 소화,0,0,0,0,0,0,0,0,0,0,0,0,0,0,0,0,0,0,0,0,0,0,0,0,0,0,0,0,0,0,0,0,0
C 폐기물소각 및 노천소각,530.00621,705.27799,828.75952,1022.29049,1476.73086,2113.7906,1508.66544,1904.74234,1797.16049,3118.79512,4160.38935,4858.62586,4284.72192,4444.33636,4398.8924,4683.18151,4985.72821,4228.17894,3940.21014,3979.46794,3817.67447,4523.55892,5092.92574,5141.64291,4710.54539,4998.18441,5033.85353,5254.03683,4848.63777,4745.74617,4456.7238,4472.8029,4263.30825
C 폐기물소각 및 노천소각_1 폐기물소각,530.00621,705.27799,828.75952,1022.29049,1476.73086,2113.7906,1508.66544,1904.74234,1797.16049,3118.79512,4160.38935,4858.62586,4284.72192,4444.33636,4398.8924,4683.18151,4985.72821,4228.17894,3940.21014,3979.46794,3817.67447,4523.55892,5092.92574,5141.64291,4710.54539,4998.18441,5033.85353,5254.03683,4848.63777,4745.74617,4456.7238,4472.8029,4263.30825
C 폐기물소각 및 노천소각_2 노천소각,0,0,0,0,0,0,0,0,0,0,0,0,0,0,0,0,0,0,0,0,0,0,0,0,0,0,0,0,0,0,0,0,0
D 하폐수처리,0,0,0,0,0,0,0,0,0,0,0,0,0,0,0,0,0,0,0,0,0,0,0,0,0,0,0,0,0,0,0,0,0
D 하폐수처리_1 폐수처리,0,0,0,0,0,0,0,0,0,0,0,0,0,0,0,0,0,0,0,0,0,0,0,0,0,0,0,0,0,0,0,0,0
D 하폐수처리_2 하수처리,0,0,0,0,0,0,0,0,0,0,0,0,0,0,0,0,0,0,0,0,0,0,0,0,0,0,0,0,0,0,0,0,0
D 하폐수처리_3 기타,0,0,0,0,0,0,0,0,0,0,0,0,0,0,0,0,0,0,0,0,0,0,0,0,0,0,0,0,0,0,0,0,0
E 기타,0,0,0,0,0,0,0,0,0,0,0,0,0,0,0,0,0,0,0,0,0,0,0,0,0,0,0,0,0,0,0,0,0
별도항목(Memo Item),,,,,,,,,,,,,,,,,,,,,,,,,,,,,,,,,
국제벙커링 및 다국적 작전,14002.49,17002.26,21104.35,22361.85,25777.61,29700.13,35396.83,38847.39,38433.5,41578.21,39411.63,38514.93,38594.81,41273.1,43081.76,43540.04,41591.34,42177.34,39673.53,36420.53,38970.31,38689.05,37920.03,37939.78,38493.12,41597.09,46720.11,47638.65,46742.04,42652.5,42274.51,42112.89,42112.89
국제벙커링 및 다국적 작전_벙커링,14002.49,17002.26,21104.35,22361.85,25777.61,29700.13,35396.83,38847.39,38433.5,41578.21,39411.63,38514.93,38594.81,41273.1,43081.76,43540.04,41591.34,42177.34,39673.53,36420.53,38970.31,38689.05,37920.03,37939.78,38493.12,41597.09,46720.11,47638.65,46742.04,42652.5,42274.51,42112.89,42112.89
C 국제벙커링 및 다국적 작전_1 벙커링_a 국제 항공,6248.11,4262.55,5099.75,5630.95,6323.61,7152.82,7817,8513.2,7045.01,7289.84,7694.64,8063.42,9107.81,9572.16,10201.2,10616.47,8608.71,12127.86,11064.8,10539.23,11733.31,11833.61,11923.9,12589.9,12620.33,12979.23,14499.33,14853.99,15650.32,15948.22,9955.56,7821.71,9857.1
C 국제벙커링 및 다국적 작전_1 벙커링_b 국제 해운,7754.38,12591.72,15821.6,16530.67,19223.42,22284.34,27266.4,29991.35,31037.95,33926.63,31375.26,30118.88,29155.15,31345.98,32510.25,32549.89,32623.57,29674.1,28255.01,25557.41,26891.33,26512.72,25659.82,25014.76,25532.42,28248.5,31805.87,32379.11,30695.55,26344.57,31952.87,33922.35,36611.9
C 국제벙커링 및 다국적 작전_2 다국적 작전,C,C,C,C,C,C,C,C,C,C,C,C,C,C,C,C,C,C,C,C,C,C,C,C,C,C,C,C,C,C,C,C,C
